City_ID,City,Country,Date,Lat,Lng,Max Temp,Humidity,Cloudiness,Wind Speed
0,Ushuaia,AR,2022-09-09 22:31:09,-54.8,-68.3,44.26,70,20,17.27
1,Vaini,TO,2022-09-09 22:31:09,-21.2,-175.2,78.96,78,75,8.05
2,Tchamba,TG,2022-09-09 22:33:59,9.0333,1.4167,71.08,97,100,3.27
3,Mataura,NZ,2022-09-09 22:32:28,-46.1927,168.8643,48.47,69,6,1.9
4,Saint-Pierre,RE,2022-09-09 22:33:59,-21.3393,55.4781,68.92,68,100,5.75
5,Hermanus,ZA,2022-09-09 22:32:26,-34.4187,19.2345,51.8,75,35,4.61
6,Jamestown,US,2022-09-09 22:31:10,42.097,-79.2353,78.44,50,100,5.75
7,Kaitangata,NZ,2022-09-09 22:33:43,-46.2817,169.8464,49.66,71,12,2.82
8,Aranos,NA,2022-09-09 22:34:00,-24.1333,19.1167,67.62,19,0,9.73
9,Blackfoot,US,2022-09-09 22:34:00,43.1905,-112.345,74.21,9,0,12.19
10,Saint-Philippe,RE,2022-09-09 22:34:01,-21.3585,55.7679,67.59,73,58,13.06
11,Severo-Kurilsk,RU,2022-09-09 22:34:01,50.6789,156.125,53.98,74,32,14.45
12,Barrow,US,2022-09-09 22:31:17,71.2906,-156.7887,39.22,87,75,23.02
13,Aykhal,RU,2022-09-09 22:34:02,66.0,111.5,32.95,97,100,19.06
14,Avarua,CK,2022-09-09 22:33:44,-21.2078,-159.775,78.85,78,20,11.5
15,Padang,ID,2022-09-09 22:34:02,-0.9492,100.3543,76.62,75,100,3.33
16,Tevaitoa,PF,2022-09-09 22:34:03,-16.7833,-151.5,78.33,75,25,24.18
17,Hilo,US,2022-09-09 22:34:03,19.7297,-155.09,88.29,76,75,10.36
18,Gasa,PS,2022-09-09 22:34:04,31.5,34.4667,79.52,59,0,9.15
19,Senneterre,CA,2022-09-09 22:34:04,48.3835,-77.2328,68.79,64,5,5.75
20,Eirunepe,BR,2022-09-09 22:34:04,-6.6603,-69.8736,74.97,87,81,2.06
21,Esperance,AU,2022-09-09 22:32:29,-33.8667,121.9,54.3,74,52,5.68
22,Tasiilaq,GL,2022-09-09 22:31:15,65.6145,-37.6368,46.56,64,49,4.59
23,Tampakan,PH,2022-09-09 22:34:05,6.4442,124.9264,76.64,89,100,0.47
24,San Rafael Del Sur,NI,2022-09-09 22:34:06,11.8485,-86.4384,85.17,82,76,5.37
25,Talnakh,RU,2022-09-09 22:34:06,69.4865,88.3972,36.21,99,100,5.17
26,Vilyuysk,RU,2022-09-09 22:34:06,63.7553,121.6247,38.89,72,100,13.33
27,Takoradi,GH,2022-09-09 22:29:29,4.8845,-1.7554,74.79,89,66,10.09
28,Cape Town,ZA,2022-09-09 22:34:07,-33.9258,18.4232,58.91,79,0,10.36
29,Carnarvon,AU,2022-09-09 22:34:07,-24.8667,113.6333,62.67,70,0,15.03
30,Rikitea,PF,2022-09-09 22:31:17,-23.1203,-134.9692,71.83,65,0,16.08
31,Longyearbyen,SJ,2022-09-09 22:33:36,78.2186,15.6401,39.04,100,100,5.75
32,Xingyi,CN,2022-09-09 22:34:08,24.1877,102.817,59.88,97,100,2.62
33,Marsh Harbour,BS,2022-09-09 22:34:08,26.5412,-77.0636,86.38,67,92,8.95
34,Miri,MY,2022-09-09 22:34:09,4.4148,114.0089,73.54,94,40,0.0
35,Nikolskoye,RU,2022-09-09 22:32:28,59.7035,30.7861,44.87,83,9,4.45
36,Kapaa,US,2022-09-09 22:31:40,22.0752,-159.319,84.18,80,75,13.8
37,Mombasa,KE,2022-09-09 22:34:09,-4.0547,39.6636,72.63,90,88,12.06
38,Okhotsk,RU,2022-09-09 22:34:10,59.3833,143.3,53.76,61,2,20.42
39,Pisco,PE,2022-09-09 22:34:10,-13.7,-76.2167,64.45,72,0,14.97
40,Puerto Ayora,EC,2022-09-09 22:34:11,-0.7393,-90.3518,75.16,90,74,7.0
41,Ribeira Grande,PT,2022-09-09 22:34:11,38.5167,-28.7,74.39,73,33,19.51
42,Poum,NC,2022-09-09 22:32:33,-20.2333,164.0167,75.88,79,31,11.45
43,Kwekwe,ZW,2022-09-09 22:34:11,-18.9281,29.8149,62.73,44,0,6.11
44,Kota Bahru,MY,2022-09-09 22:34:12,6.1333,102.2386,75.15,94,40,3.44
45,Talaya,RU,2022-09-09 22:34:12,61.3833,152.75,46.13,90,100,3.76
46,Punta Arenas,CL,2022-09-09 22:32:27,-53.15,-70.9167,46.51,66,75,21.85
47,Vostok,RU,2022-09-09 22:34:13,46.4856,135.8833,55.51,54,1,1.81
48,Porto Belo,BR,2022-09-09 22:35:13,-27.1578,-48.5531,79.77,77,8,7.34
49,Castro,BR,2022-09-09 22:35:13,-24.7911,-50.0119,67.93,65,21,4.07
50,Lompoc,US,2022-09-09 22:32:22,34.6391,-120.4579,98.74,62,0,8.05
51,Tuatapere,NZ,2022-09-09 22:33:37,-46.1333,167.6833,48.29,72,6,2.48
52,East London,ZA,2022-09-09 22:35:14,-33.0153,27.9116,63.14,84,0,3.31
53,New Norfolk,AU,2022-09-09 22:35:15,-42.7826,147.0587,53.1,90,100,3.02
54,Hobart,AU,2022-09-09 22:30:06,-42.8794,147.3294,53.46,97,100,6.91
55,Maragogi,BR,2022-09-09 22:35:15,-9.0122,-35.2225,73.44,84,31,5.82
56,Palkino,RU,2022-09-09 22:35:15,57.5409,28.0126,35.35,79,0,5.08
57,Meulaboh,ID,2022-09-09 22:35:16,4.1363,96.1285,73.56,84,80,3.36
58,Qaanaaq,GL,2022-09-09 22:33:42,77.484,-69.3632,31.33,58,9,5.88
59,Quelimane,MZ,2022-09-09 22:33:44,-17.8786,36.8883,68.13,86,0,2.82
60,Garowe,SO,2022-09-09 22:35:17,8.4054,48.4845,75.65,63,89,22.08
61,Bredasdorp,ZA,2022-09-09 22:35:17,-34.5322,20.0403,48.43,85,33,3.44
62,Teguldet,RU,2022-09-09 22:35:18,57.3064,88.1667,38.93,94,49,4.81
63,Namibe,AO,2022-09-09 22:35:18,-15.1961,12.1522,65.19,88,54,4.12
64,Lerwick,GB,2022-09-09 22:35:18,60.1545,-1.1494,53.6,92,100,9.69
65,Souillac,MU,2022-09-09 22:35:19,-20.5167,57.5167,70.18,78,40,14.97
66,Yima,CN,2022-09-09 22:35:19,34.7381,111.8839,64.99,88,89,0.92
67,Albany,US,2022-09-09 22:26:56,42.6001,-73.9662,79.34,65,0,1.68
68,Porbandar,IN,2022-09-09 22:35:20,21.6422,69.6093,83.46,83,100,5.59
69,Dergachi,RU,2022-09-09 22:35:20,51.2328,48.7659,49.68,68,81,15.46
70,Vestmannaeyjar,IS,2022-09-09 22:31:15,63.4427,-20.2734,53.44,96,100,23.24
71,West Monroe,US,2022-09-09 22:32:02,32.5185,-92.1476,87.8,50,0,10.36
72,Bayangol,RU,2022-09-09 22:35:21,50.6977,103.4656,45.1,96,100,3.89
73,Namatanai,PG,2022-09-09 22:35:22,-3.6667,152.4333,83.57,67,76,8.08
74,Chokurdakh,RU,2022-09-09 22:31:13,70.6333,147.9167,40.17,92,100,9.93
75,Klaksvik,FO,2022-09-09 22:31:13,62.2266,-6.589,47.32,85,47,7.09
76,Sotouboua,TG,2022-09-09 22:35:22,8.5667,0.9833,71.47,95,100,3.38
77,Hithadhoo,MV,2022-09-09 22:31:19,-0.6,73.0833,81.59,72,87,11.32
78,Lesogorsk,RU,2022-09-09 22:33:11,56.0458,99.5136,38.23,91,18,2.08
79,Faya,SA,2022-09-09 22:35:23,18.3851,42.4509,68.11,30,22,4.97
80,Flinders,AU,2022-09-09 22:35:24,-34.5833,150.8552,63.37,76,89,5.01
81,Cherskiy,RU,2022-09-09 22:32:31,68.75,161.3,51.03,78,99,11.97
82,Marawi,PH,2022-09-09 22:35:25,7.9986,124.2928,70.34,84,100,2.82
83,Mount Isa,AU,2022-09-09 22:35:25,-20.7333,139.5,65.97,42,0,9.22
84,Beringovskiy,RU,2022-09-09 22:33:39,63.05,179.3167,47.82,68,46,2.82
85,Buala,SB,2022-09-09 22:35:25,-8.145,159.5921,82.36,74,90,8.68
86,Vanavara,RU,2022-09-09 22:35:26,60.34,102.2797,37.22,87,79,5.61
87,Anloga,GH,2022-09-09 22:35:26,5.7947,0.8973,77.02,84,46,14.88
88,Ewa Beach,US,2022-09-09 22:31:12,21.3156,-158.0072,84.15,69,75,13.8
89,Richards Bay,ZA,2022-09-09 22:35:27,-28.783,32.0377,65.7,96,5,3.0
90,Mahebourg,MU,2022-09-09 22:35:27,-20.4081,57.7,71.26,78,40,14.97
91,Yatou,CN,2022-09-09 22:36:27,37.15,122.3833,70.21,82,100,2.19
92,Lebu,CL,2022-09-09 22:32:35,-37.6167,-73.65,47.97,83,0,19.53
93,Clyde River,CA,2022-09-09 22:36:28,70.4692,-68.5914,37.63,100,100,6.91
94,Norman Wells,CA,2022-09-09 22:36:28,65.282,-126.8329,60.84,51,75,10.36
95,Arraial Do Cabo,BR,2022-09-09 22:36:29,-22.9661,-42.0278,73.36,73,0,17.27
96,Coquimbo,CL,2022-09-09 22:33:16,-29.9533,-71.3436,56.93,71,0,10.36
97,Yerofey Pavlovich,RU,2022-09-09 22:35:18,53.9667,121.9667,55.53,95,59,4.36
98,Thompson,CA,2022-09-09 22:36:29,55.7435,-97.8558,53.76,66,100,16.11
99,Broome,US,2022-09-09 22:36:29,42.2506,-75.833,78.57,59,0,4.61
100,Mareeba,AU,2022-09-09 22:36:30,-17.0,145.4333,74.48,87,3,4.29
101,Tsiroanomandidy,MG,2022-09-09 22:36:30,-18.7667,46.0333,61.03,56,10,2.77
102,Bluff,NZ,2022-09-09 22:33:46,-46.6,168.3333,48.79,78,9,4.32
103,Dauriya,RU,2022-09-09 22:36:31,49.9333,116.8667,65.7,32,73,7.11
104,Seara,PT,2022-09-09 22:36:31,41.1818,-7.8003,66.96,65,47,2.17
105,Omboue,GA,2022-09-09 22:36:31,-1.5746,9.2618,75.97,82,98,8.16
106,Calderitas,MX,2022-09-09 22:36:32,18.55,-88.25,86.11,74,75,0.0
107,Longkou,CN,2022-09-09 22:36:32,37.6508,120.3286,71.01,66,94,4.56
108,Los Llanos De Aridane,ES,2022-09-09 22:36:33,28.6585,-17.9182,73.15,92,100,14.97
109,Mehamn,NO,2022-09-09 22:36:33,71.0357,27.8492,48.15,93,100,10.36
110,Port Lincoln,AU,2022-09-09 22:36:33,-34.7333,135.8667,55.22,71,100,7.45
111,Leningradskiy,RU,2022-09-09 22:36:34,69.3833,178.4167,45.05,55,29,7.7
112,Busselton,AU,2022-09-09 22:31:17,-33.65,115.3333,50.76,90,2,6.08
113,Chuy,UY,2022-09-09 22:36:34,-33.6971,-53.4616,48.43,64,86,16.26
114,Zhigansk,RU,2022-09-09 22:36:34,66.7697,123.3711,41.47,83,100,18.5
115,Malibu,US,2022-09-09 22:35:47,34.005,-118.8101,99.16,47,100,4.54
116,Shieli,KZ,2022-09-09 22:36:35,44.1667,66.75,63.5,25,1,6.31
117,Talcahuano,CL,2022-09-09 22:33:48,-36.7167,-73.1167,56.88,67,0,12.66
118,Bud,US,2022-09-09 22:36:35,39.447,-86.1758,85.19,61,28,5.37
119,Lavrentiya,RU,2022-09-09 22:36:36,65.5833,-171.0,49.44,60,47,5.44
120,Tuktoyaktuk,CA,2022-09-09 22:33:37,69.4541,-133.0374,46.4,76,100,19.57
121,Kruisfontein,ZA,2022-09-09 22:36:36,-34.0033,24.7314,58.89,97,6,2.91
122,Mar Del Plata,AR,2022-09-09 22:32:30,-38.0023,-57.5575,46.09,76,20,15.01
123,Lagoa,PT,2022-09-09 22:36:37,39.05,-27.9833,73.17,77,13,23.78
124,Salinopolis,BR,2022-09-09 22:36:37,-0.6136,-47.3561,80.64,80,15,14.92
125,Torbay,CA,2022-09-09 22:35:34,47.6666,-52.7314,56.57,85,100,8.99
126,Te Anau,NZ,2022-09-09 22:36:38,-45.4167,167.7167,44.83,77,32,0.63
127,Ballina,AU,2022-09-09 22:36:38,-28.8667,153.5667,66.78,68,41,9.19
128,Hede,CN,2022-09-09 22:36:38,33.7681,120.2517,70.52,70,100,2.3
129,Khatanga,RU,2022-09-09 22:36:39,71.9667,102.5,30.83,83,100,6.82
130,Acapulco,MX,2022-09-09 22:36:39,16.8634,-99.8901,82.22,78,100,5.75
131,Nantong,CN,2022-09-09 22:36:39,32.0303,120.8747,72.0,90,98,3.96
132,Atuona,PF,2022-09-09 22:31:11,-9.8,-139.0333,76.26,80,53,26.13
133,Yellowknife,CA,2022-09-09 22:32:31,62.456,-114.3525,52.32,58,40,5.75
134,Folkestone,GB,2022-09-09 22:36:40,51.0833,1.1833,60.89,97,55,7.0
135,Shimoda,JP,2022-09-09 22:36:40,34.6667,138.95,75.11,81,82,14.85
136,Hasaki,JP,2022-09-09 22:36:40,35.7333,140.8333,75.6,82,100,18.43
137,Upernavik,GL,2022-09-09 22:32:22,72.7868,-56.1549,41.11,96,100,6.6
138,Zigong,CN,2022-09-09 22:37:41,29.3416,104.7769,68.88,85,100,3.09
139,Butaritari,KI,2022-09-09 22:37:41,3.0707,172.7902,81.82,70,100,17.11
140,Dikson,RU,2022-09-09 22:31:11,73.5069,80.5464,36.91,77,100,4.79
141,Turayf,SA,2022-09-09 22:37:42,31.6725,38.6637,82.65,28,0,6.91
142,Yakima,US,2022-09-09 22:33:34,46.4665,-120.6678,81.84,22,0,11.5
143,Deputatskiy,RU,2022-09-09 22:37:42,69.3,139.9,37.4,89,100,2.98
144,Mount Gambier,AU,2022-09-09 22:37:43,-37.8333,140.7667,51.66,74,80,11.25
145,Pendleton,US,2022-09-09 22:37:43,45.6721,-118.7886,80.2,23,0,8.01
146,Dalbandin,PK,2022-09-09 22:37:44,28.8947,64.4101,86.16,15,0,2.35
147,San Lawrenz,MT,2022-09-09 22:37:44,36.0553,14.204,80.85,90,1,9.33
148,Dingle,PH,2022-09-09 22:37:44,10.9995,122.6711,77.27,90,100,2.71
149,Wasilla,US,2022-09-09 22:37:45,61.5814,-149.4394,52.02,81,75,3.44
150,Neftcala,AZ,2022-09-09 22:37:45,39.3742,49.2472,72.81,61,51,14.99
151,Atar,MR,2022-09-09 22:37:45,20.5169,-13.0499,88.39,42,44,4.94
152,Malumfashi,NG,2022-09-09 22:37:46,11.7853,7.6218,70.75,90,78,4.81
153,Vytegra,RU,2022-09-09 22:37:46,61.0064,36.4481,40.6,92,24,5.95
154,Sao Felix Do Xingu,BR,2022-09-09 22:37:46,-6.6447,-51.995,85.75,32,98,1.23
155,Sioux Lookout,CA,2022-09-09 22:37:47,50.1001,-91.917,64.47,55,75,8.05
156,Banda Aceh,ID,2022-09-09 22:37:47,5.5577,95.3222,76.75,76,86,6.31
157,Bethel,US,2022-09-09 22:37:48,41.3712,-73.414,77.36,64,0,3.04
158,Itaituba,BR,2022-09-09 22:37:48,-4.2761,-55.9836,84.42,49,83,2.42
159,Georgetown,MY,2022-09-09 22:32:20,5.4112,100.3354,80.89,90,20,3.44
160,Mangan,IN,2022-09-09 22:37:49,27.5167,88.5333,75.18,80,100,2.06
161,San Jose,US,2022-09-09 22:33:02,37.3394,-121.895,108.7,27,20,9.22
162,Port Hedland,AU,2022-09-09 22:37:49,-20.3167,118.5667,64.45,82,0,10.36
163,Chauk,MM,2022-09-09 22:37:49,20.8833,94.8167,78.1,90,100,4.41
164,Ardakan,IR,2022-09-09 22:37:50,32.31,54.0175,82.74,13,1,4.85
165,Saint-Denis,FR,2022-09-09 22:37:50,48.9167,2.3333,62.76,85,0,11.5
166,Nanortalik,GL,2022-09-09 22:37:51,60.1432,-45.2371,44.1,80,100,7.63
167,Stephenville,US,2022-09-09 22:37:51,32.2207,-98.2023,90.16,39,40,6.91
168,Monrovia,LR,2022-09-09 22:37:09,6.3005,-10.7969,77.65,83,100,9.15
169,Tiksi,RU,2022-09-09 22:37:52,71.6872,128.8694,39.34,89,100,12.97
170,Yuanping,CN,2022-09-09 22:37:52,38.7153,112.7575,61.32,64,96,0.2
171,Gorontalo,ID,2022-09-09 22:37:52,0.5412,123.0595,77.86,83,75,1.21
172,Eston,CA,2022-09-09 22:37:53,51.1501,-108.7514,60.93,25,77,16.75
173,Sokolow Podlaski,PL,2022-09-09 22:37:53,52.4068,22.2531,48.76,98,98,7.61
174,Port Alfred,ZA,2022-09-09 22:37:53,-33.5906,26.891,57.18,95,0,5.68
175,Auki,SB,2022-09-09 22:33:37,-8.7676,160.7034,83.59,65,56,4.07
176,Neyshabur,IR,2022-09-09 22:37:54,36.2133,58.7958,73.53,23,0,2.24
177,Ponta Do Sol,PT,2022-09-09 22:37:54,32.6667,-17.1,76.01,80,45,2.66
178,Tabou,CI,2022-09-09 22:37:54,4.423,-7.3528,75.4,86,17,7.34
179,Kerema,PG,2022-09-09 22:38:55,-7.9631,145.7785,80.69,82,30,5.75
180,Vaitape,PF,2022-09-09 22:38:55,-16.5167,-151.75,78.13,76,28,23.89
181,Ola,RU,2022-09-09 22:38:56,59.5833,151.2833,52.14,91,100,5.57
182,Casimiro Castillo,MX,2022-09-09 22:38:56,19.6,-104.4333,81.88,88,96,3.96
183,Larsnes,NO,2022-09-09 22:38:56,62.2028,5.5773,55.45,92,97,3.42
184,Novikovo,RU,2022-09-09 22:38:57,51.1537,37.8879,41.99,66,1,4.59
185,Abu Samrah,SY,2022-09-09 22:38:57,35.3029,37.1841,78.84,34,0,5.44
186,Pucara,PE,2022-09-09 22:38:57,-15.9803,-71.4606,41.13,35,3,8.5
187,Sinnamary,GF,2022-09-09 22:38:58,5.3833,-52.95,79.88,81,91,11.65
188,Sitka,US,2022-09-09 22:34:19,57.0531,-135.33,60.69,72,100,18.41
189,Mecca,SA,2022-09-09 22:38:55,21.4267,39.8261,90.16,27,2,3.31
190,Sao Filipe,CV,2022-09-09 22:38:58,14.8961,-24.4956,79.79,81,9,5.95
191,Coihaique,CL,2022-09-09 22:38:59,-45.5752,-72.0662,49.95,62,75,4.61
192,Hervey Bay,AU,2022-09-09 22:38:59,-25.2986,152.8535,67.28,54,81,3.74
193,Hambantota,LK,2022-09-09 22:38:59,6.1241,81.1185,78.3,80,95,17.0
194,Oranjemund,NA,2022-09-09 22:39:00,-28.55,16.4333,53.94,91,2,5.19
195,Vallenar,CL,2022-09-09 22:39:00,-28.5708,-70.7581,64.09,39,0,5.06
196,Comodoro Rivadavia,AR,2022-09-09 22:39:00,-45.8667,-67.5,58.86,38,0,10.36
197,Pangnirtung,CA,2022-09-09 22:39:01,66.1451,-65.7125,57.2,54,100,10.36
198,Touros,BR,2022-09-09 22:39:01,-5.1989,-35.4608,76.19,76,5,14.67
199,Sorland,NO,2022-09-09 22:39:02,67.667,12.6934,49.86,78,100,8.41
200,Iqaluit,CA,2022-09-09 22:27:07,63.7506,-68.5145,47.93,87,100,19.57
201,Lamu,KE,2022-09-09 22:39:02,-2.2717,40.902,75.42,86,45,15.35
202,Lubbock,US,2022-09-09 22:35:38,33.6001,-101.8338,90.37,24,20,11.5
203,Gravdal,NO,2022-09-09 22:39:03,68.1214,13.5031,50.85,84,100,5.32
204,Thinadhoo,MV,2022-09-09 22:39:03,0.5333,72.9333,81.48,73,66,11.59
205,Mikhaylovsk,RU,2022-09-09 22:39:03,45.1283,42.0256,53.82,54,0,6.71
206,Libiaz,PL,2022-09-09 22:39:04,50.104,19.3157,61.34,69,100,2.44
207,Tyrma,RU,2022-09-09 22:39:04,50.0833,132.1667,56.08,73,4,1.77
208,Zhanaozen,KZ,2022-09-09 22:39:04,43.3,52.8,63.07,60,11,11.88
209,Kinshasa,CD,2022-09-09 22:39:05,-4.3246,15.3215,78.58,65,79,5.73
210,Partizanskoye,RU,2022-09-09 22:39:05,55.5006,94.39,40.51,89,76,4.25
211,Manzhouli,CN,2022-09-09 22:39:06,49.6,117.4333,65.35,34,60,5.95
212,Sokoto,NG,2022-09-09 22:39:06,13.0609,5.239,75.18,82,52,4.83
213,Chivacoa,VE,2022-09-09 22:39:07,10.1603,-68.895,77.97,75,63,3.24
214,Arlit,NE,2022-09-09 22:39:07,18.7369,7.3853,96.17,15,47,7.45
215,Camana,PE,2022-09-09 22:39:07,-16.6228,-72.7111,60.08,82,28,9.31
216,Divnomorskoye,RU,2022-09-09 22:39:08,44.5011,38.1353,62.78,67,98,9.89
217,Potiskum,NG,2022-09-09 22:39:08,11.7091,11.0694,72.48,87,79,11.83
218,Eureka,US,2022-09-09 22:39:08,40.8021,-124.1637,82.2,69,2,5.01
219,Saint George,US,2022-09-09 22:34:23,37.1041,-113.5841,97.39,25,0,17.27
220,Asyut,EG,2022-09-09 22:37:24,27.181,31.1837,82.74,36,0,10.2
221,Vila Do Maio,CV,2022-09-09 22:39:09,15.1333,-23.2167,80.4,84,34,9.86
222,Beba,CU,2022-09-09 22:39:10,22.4437,-79.7253,80.87,78,63,6.82
223,Konevo,RU,2022-09-09 22:39:10,62.1215,39.3192,39.22,92,78,4.36
224,Katsuura,JP,2022-09-09 22:39:10,35.1333,140.3,76.62,83,91,17.63
225,Lasa,IT,2022-09-09 22:39:11,46.6166,10.7002,58.08,92,88,4.41
226,Ilovlya,RU,2022-09-09 22:39:11,49.3033,43.9796,43.05,79,7,6.67
227,Kavieng,PG,2022-09-09 22:39:11,-2.5744,150.7967,83.66,72,71,11.77
228,Chapais,CA,2022-09-09 22:40:12,49.7834,-74.8492,76.78,62,82,5.01
229,Whyalla,AU,2022-09-09 22:35:29,-33.0333,137.5833,54.3,74,28,4.59
230,Harper,LR,2022-09-09 22:33:39,4.375,-7.7169,76.08,84,53,9.95
231,Kahului,US,2022-09-09 22:40:13,20.8947,-156.47,86.02,73,75,19.57
232,Hof,DE,2022-09-09 22:40:13,50.3167,11.9167,56.5,88,62,5.99
233,Vila Franca Do Campo,PT,2022-09-09 22:40:14,37.7167,-25.4333,77.2,88,77,11.18
234,Manga,BF,2022-09-09 22:40:14,11.6636,-1.0731,71.56,95,100,1.1
235,Bambous Virieux,MU,2022-09-09 22:40:15,-20.3428,57.7575,70.21,78,40,14.97
236,Xingtai,CN,2022-09-09 22:40:15,37.0631,114.4942,69.28,75,100,3.74
237,Sainte-Maxime,FR,2022-09-09 22:39:52,43.3,6.6333,75.22,51,4,17.65
238,Chara,RU,2022-09-09 22:40:16,56.9064,118.2631,48.34,65,100,1.16
239,Khani,GE,2022-09-09 22:40:16,41.9563,42.9566,45.97,68,20,4.76
240,Airai,TL,2022-09-09 22:40:16,-8.9266,125.4092,64.45,58,10,2.8
241,Douglas,US,2022-09-09 22:40:17,41.3,-96.167,80.42,66,75,24.16
242,Yulara,AU,2022-09-09 22:40:18,-25.2406,130.9889,61.18,40,100,9.78
243,Kununurra,AU,2022-09-09 22:36:26,-15.7667,128.7333,69.78,94,59,3.44
244,Van Wert,US,2022-09-09 22:35:34,40.8695,-84.5841,81.77,60,40,5.75
245,Luderitz,NA,2022-09-09 22:40:18,-26.6481,15.1594,64.09,55,0,7.81
246,Sao Jose Da Coroa Grande,BR,2022-09-09 22:40:19,-8.8978,-35.1478,74.28,81,38,6.38
247,Inongo,CD,2022-09-09 22:40:19,-1.95,18.2667,70.65,87,83,5.91
248,Cozumel,MX,2022-09-09 22:40:20,20.5083,-86.9458,84.27,74,100,6.91
249,Mantua,IT,2022-09-09 22:40:20,45.1667,10.7833,72.64,82,0,5.28
250,Wajir,KE,2022-09-09 22:40:20,1.7471,40.0573,75.52,55,100,17.45
251,Kautokeino,NO,2022-09-09 22:40:21,69.0125,23.0412,41.81,82,42,5.7
252,Vestmanna,FO,2022-09-09 22:40:21,62.1564,-7.1664,45.52,100,32,5.75
253,Samarai,PG,2022-09-09 22:40:22,-10.6167,150.6667,81.03,80,20,9.93
254,Rio Gallegos,AR,2022-09-09 22:37:45,-51.6226,-69.2181,55.45,33,0,16.11
255,Manaure,CO,2022-09-09 22:40:22,11.7751,-72.4445,86.7,66,100,4.25
256,Petatlan,MX,2022-09-09 22:40:23,17.5167,-101.2667,80.24,89,99,1.95
257,Sal Rei,CV,2022-09-09 22:40:23,16.1833,-22.9167,80.46,86,14,12.55
258,Imeni Poliny Osipenko,RU,2022-09-09 22:40:24,52.4201,136.4853,52.81,77,96,11.79
259,Angoche,MZ,2022-09-09 22:40:24,-16.2325,39.9086,70.92,80,0,0.16
260,Kiunga,PG,2022-09-09 22:40:25,-6.1219,141.2906,75.42,96,99,2.15
261,Pevek,RU,2022-09-09 22:40:25,69.7008,170.3133,44.11,68,18,18.05
262,Tommot,RU,2022-09-09 22:40:26,58.9564,126.2925,44.31,89,98,9.64
263,Yarada,IN,2022-09-09 22:40:26,17.65,83.2667,80.06,90,100,8.79
264,Marzuq,YE,2022-09-09 22:40:26,14.4,46.4667,78.82,51,100,2.3
265,Paranagua,BR,2022-09-09 22:40:09,-25.52,-48.5092,79.02,74,0,3.91
266,Tautira,PF,2022-09-09 22:40:27,-17.7333,-149.15,76.89,78,25,20.85
267,La Ronge,CA,2022-09-09 22:40:27,55.1001,-105.2842,52.02,62,100,14.97
268,Azanka,RU,2022-09-09 22:40:28,58.0401,64.7893,42.17,97,92,3.33
269,Ulaanbaatar,MN,2022-09-09 22:37:43,47.9077,106.8832,42.93,65,0,2.24
270,Saint-Leu,RE,2022-09-09 22:40:28,-21.15,55.2833,69.31,73,43,5.86
271,Bilibino,RU,2022-09-09 22:40:29,68.0546,166.4372,51.46,64,77,3.71
272,Panji,ID,2022-09-09 22:41:29,-7.7253,114.0995,76.03,78,100,3.42
273,Caravelas,BR,2022-09-09 22:41:30,-17.7125,-39.2481,68.72,77,0,6.78
274,Cayenne,GF,2022-09-09 22:33:39,4.9333,-52.3333,80.64,78,0,8.05
275,Fernie,CA,2022-09-09 22:41:30,49.5,-115.0687,63.28,27,20,2.46
276,Chardara,KZ,2022-09-09 22:41:19,41.2547,67.9692,68.29,41,0,4.54
277,Benghazi,LY,2022-09-09 22:38:18,32.1167,20.0667,77.86,60,0,12.71
278,Lluta,PE,2022-09-09 22:41:31,-16.0147,-72.0142,48.79,43,0,3.4
279,Poya,NC,2022-09-09 22:41:31,-21.35,165.15,77.9,71,3,4.25
280,Mahibadhoo,MV,2022-09-09 22:41:31,3.7833,72.9667,81.43,76,97,13.56
281,Mitchell,US,2022-09-09 22:41:32,43.7094,-98.0298,66.18,62,75,10.36
282,Brownsville,US,2022-09-09 22:39:26,25.9018,-97.4975,89.55,66,0,12.66
283,Bolshaya Martynovka,RU,2022-09-09 22:41:32,47.271,41.6679,50.45,57,82,7.83
284,Ouadda,CF,2022-09-09 22:41:33,8.0777,22.4007,67.44,98,82,2.73
285,Marrakesh,MA,2022-09-09 22:41:33,31.6315,-8.0083,82.47,54,40,8.05
286,Mitsamiouli,KM,2022-09-09 22:41:33,-11.3847,43.2844,74.68,74,3,2.26
287,Guerrero Negro,MX,2022-09-09 22:41:34,27.9769,-114.0611,83.34,61,87,15.7
288,Nouna,BF,2022-09-09 22:41:34,12.7333,-3.8667,75.51,85,89,4.76
289,Kifri,IQ,2022-09-09 22:41:34,34.6959,44.9661,91.56,17,0,11.16
290,Shingu,JP,2022-09-09 22:41:35,33.7333,135.9833,79.93,82,25,7.0
291,Longavi,CL,2022-09-09 22:41:33,-35.9667,-71.6833,47.07,81,0,6.67
292,Saskylakh,RU,2022-09-09 22:41:35,71.9167,114.0833,39.58,98,100,5.95
293,Samsun,TR,2022-09-09 22:41:35,41.25,36.3333,63.0,96,20,4.61
294,Kavaratti,IN,2022-09-09 22:41:36,10.5669,72.642,80.02,84,100,21.74
295,Oum Hadjer,TD,2022-09-09 22:41:36,13.2954,19.6966,78.85,76,87,4.05
296,Tumarbong,PH,2022-09-09 22:41:37,10.3766,119.4579,80.01,86,95,4.94
297,Boyolangu,ID,2022-09-09 22:41:37,-8.1181,111.8935,74.07,92,97,2.59
298,Kodiak,US,2022-09-09 22:41:37,57.79,-152.4072,56.71,47,100,8.05
299,Ekhabi,RU,2022-09-09 22:41:38,53.5102,142.9671,59.23,64,100,14.52
300,Oros,BR,2022-09-09 22:41:38,-6.2444,-38.9136,82.33,32,66,4.54
301,Byron Bay,AU,2022-09-09 22:38:53,-28.65,153.6167,66.7,50,46,6.73
302,Gat,IL,2022-09-09 22:32:32,31.61,34.7642,78.4,65,0,5.77
303,Bethlehem,BR,2022-09-09 22:41:11,-1.4558,-48.5044,84.24,74,20,3.44
304,Miramar,US,2022-09-09 22:41:39,25.9873,-80.2323,91.42,71,75,10.36
305,Thohoyandou,ZA,2022-09-09 22:41:39,-22.9456,30.485,66.33,37,0,2.33
306,Snyder,US,2022-09-09 22:41:39,32.7179,-100.9176,94.32,22,0,5.75
307,Samba,IN,2022-09-09 22:41:40,32.5667,75.1167,77.58,77,63,3.29
308,Koslan,RU,2022-09-09 22:41:40,63.4564,48.8989,43.93,97,100,6.58
309,Merke,KZ,2022-09-09 22:41:40,42.8728,73.1786,66.43,40,2,4.38
310,Nouadhibou,MR,2022-09-09 22:41:41,20.931,-17.0347,73.38,83,15,13.8
311,Ancud,CL,2022-09-09 22:41:41,-41.8697,-73.8203,49.23,91,57,5.95
312,Waitati,NZ,2022-09-09 22:41:41,-45.75,170.5667,49.8,74,10,4.12
313,Ostrovnoy,RU,2022-09-09 22:41:42,68.0531,39.5131,48.94,82,100,8.21
314,Kushima,JP,2022-09-09 22:41:42,31.4583,131.2333,79.11,76,10,4.68
315,Saldanha,ZA,2022-09-09 22:41:42,-33.0117,17.9442,56.68,92,18,12.37
316,Fortuna,US,2022-09-09 22:41:43,40.5982,-124.1573,81.93,59,1,1.99
317,Clonakilty,IE,2022-09-09 22:41:43,51.6231,-8.8706,57.09,88,48,5.12
318,Diffa,NE,2022-09-09 22:41:43,13.3154,12.6113,77.52,78,93,11.25
319,Bengkulu,ID,2022-09-09 22:33:38,-3.8004,102.2655,73.2,92,100,5.01
320,Saint-Augustin,CA,2022-09-09 22:42:44,51.226,-58.6502,60.84,69,73,3.04
321,Broken Hill,AU,2022-09-09 22:41:51,-31.95,141.4333,51.96,74,9,17.78
322,Rundu,NA,2022-09-09 22:42:45,-17.9333,19.7667,63.23,26,0,4.88
323,Vanimo,PG,2022-09-09 22:42:45,-2.6741,141.3028,82.44,71,63,4.29
324,Santa Elena,EC,2022-09-09 22:40:16,-2.2333,-80.85,67.55,88,75,13.8
325,Aksu,CN,2022-09-09 22:42:45,41.1231,80.2644,74.68,23,24,5.03
326,Carutapera,BR,2022-09-09 22:42:46,-1.195,-46.02,78.89,80,15,9.19
327,Yenagoa,NG,2022-09-09 22:42:46,4.9247,6.2642,75.0,93,97,3.38
328,Miandrivazo,MG,2022-09-09 22:42:46,-19.5167,45.4667,71.64,61,5,4.76
329,Parana,AR,2022-09-09 22:42:47,-31.732,-60.5238,58.51,46,2,5.1
330,Faanui,PF,2022-09-09 22:42:47,-16.4833,-151.75,78.1,77,29,23.91
331,Chaumont,FR,2022-09-09 22:42:47,48.1167,5.1333,57.36,91,91,10.49
332,Ambilobe,MG,2022-09-09 22:42:48,-13.2,49.05,64.99,76,52,4.83
333,Altona,DE,2022-09-09 22:42:48,53.55,9.9333,58.71,96,100,5.75
334,Jalu,LY,2022-09-09 22:42:48,29.0331,21.5482,80.29,34,2,10.0
335,Ayan,RU,2022-09-09 22:42:49,56.45,138.1667,57.65,65,83,7.02
336,Port Elizabeth,ZA,2022-09-09 22:42:49,-33.918,25.5701,63.32,95,75,3.0
337,Makarov,RU,2022-09-09 22:42:49,48.6333,142.8,62.51,59,1,8.84
338,La Asuncion,VE,2022-09-09 22:42:50,11.0333,-63.8628,76.73,88,63,14.97
339,Shakhovskaya,RU,2022-09-09 22:42:50,56.0283,35.5097,38.86,73,1,3.44
340,Srednekolymsk,RU,2022-09-09 22:42:50,67.45,153.6833,43.77,90,100,9.95
341,Loanda,AO,2022-09-09 22:39:10,-8.8368,13.2343,71.6,94,40,3.44
342,Hami,CN,2022-09-09 22:42:51,42.8,93.45,76.12,16,0,8.77
343,Mahon,ES,2022-09-09 22:42:51,39.8885,4.2658,77.56,83,20,9.22
344,Bang Racham,TH,2022-09-09 22:42:51,14.892,100.3173,79.18,92,100,3.8
345,Odweyne,SO,2022-09-09 22:42:52,9.4092,45.064,74.73,53,94,12.37
346,Nemuro,JP,2022-09-09 22:42:52,43.3236,145.575,63.23,79,53,18.01
347,Port Antonio,JM,2022-09-09 22:42:52,18.18,-76.4612,86.99,82,5,10.0
348,Russell,US,2022-09-09 22:42:53,32.3502,-85.1999,71.2,94,40,5.75
349,Lisakovsk,KZ,2022-09-09 22:41:16,52.5369,62.4936,51.84,48,100,9.15
350,Itapage,BR,2022-09-09 22:42:53,-3.6867,-39.5861,73.44,71,27,4.76
351,Rocha,UY,2022-09-09 22:42:54,-34.4833,-54.3333,47.5,66,100,14.41
352,Vangaindrano,MG,2022-09-09 22:42:54,-23.35,47.6,63.82,86,30,3.38
353,Cidreira,BR,2022-09-09 22:42:54,-30.1811,-50.2056,56.71,89,90,18.59
354,Yarmouth,US,2022-09-09 22:42:55,41.7057,-70.2286,73.87,72,0,4.61
355,Hualmay,PE,2022-09-09 22:42:55,-11.0964,-77.6139,62.06,77,18,13.82
356,Aksaray,TR,2022-09-09 22:42:55,38.3726,34.0254,63.9,29,0,5.86
357,Harrisonburg,US,2022-09-09 22:40:07,38.4496,-78.8689,77.41,63,13,6.2
358,Cape Coast,GH,2022-09-09 22:42:56,5.1053,-1.2466,74.61,91,99,11.61
359,Am Timan,TD,2022-09-09 22:42:56,11.0297,20.2827,72.73,94,95,2.37
360,Kollam,IN,2022-09-09 22:39:19,8.8833,76.6,77.07,89,56,10.58
361,Boissevain,CA,2022-09-09 22:42:57,49.2306,-100.0559,66.7,23,60,13.42
362,Kawalu,ID,2022-09-09 22:42:57,-7.3817,108.2082,70.32,96,98,0.51
363,Kailua,US,2022-09-09 22:40:44,21.4022,-157.7394,84.18,79,100,8.05
364,Yar-Sale,RU,2022-09-09 22:33:17,66.8333,70.8333,40.14,82,99,7.49
365,Tokmak,UA,2022-09-09 22:42:58,47.2514,35.7058,58.78,35,83,12.15
366,Urucara,BR,2022-09-09 22:42:58,-2.5364,-57.76,78.22,72,46,1.07
367,Collie,AU,2022-09-09 22:42:58,-33.3667,116.15,44.78,95,1,3.02
368,Ngaoundere,CM,2022-09-09 22:43:59,7.3167,13.5833,63.88,99,100,1.99
369,Pala,TD,2022-09-09 22:43:59,9.3642,14.9046,69.93,98,100,4.61
370,Bereznyky,UA,2022-09-09 22:43:59,48.5141,23.2198,63.39,97,70,3.44
371,Mayo,US,2022-09-09 22:44:00,38.8876,-76.5119,82.35,57,0,6.91
372,Naze,JP,2022-09-09 22:44:00,28.3667,129.4833,77.92,77,100,6.24
373,Puerto Escondido,MX,2022-09-09 22:44:00,15.85,-97.0667,83.23,61,75,3.44
374,Jacareacanga,BR,2022-09-09 22:44:01,-6.2222,-57.7528,81.66,56,19,1.95
375,Oistins,BB,2022-09-09 22:44:01,13.0667,-59.5333,82.49,78,20,10.36
376,Ahipara,NZ,2022-09-09 22:44:02,-35.1667,173.1667,60.15,60,6,2.93
377,Atasu,KZ,2022-09-09 22:44:02,48.6814,71.6433,54.59,29,72,7.49
378,Altay,CN,2022-09-09 22:44:03,47.8667,88.1167,59.34,45,99,0.56
379,Pontian Kecil,MY,2022-09-09 22:44:03,1.4801,103.3899,75.52,85,100,1.81
380,Yilan,TW,2022-09-09 22:44:04,24.757,121.753,78.03,99,7,4.43
381,Provideniya,RU,2022-09-09 22:44:04,64.3833,-173.3,50.54,58,64,7.74
382,Lorengau,PG,2022-09-09 22:44:04,-2.0226,147.2712,84.24,69,23,10.47
383,Victoria,HK,2022-09-09 22:43:09,22.2855,114.1577,84.18,80,8,5.01
384,Kabelvag,NO,2022-09-09 22:44:05,68.2114,14.4817,48.22,84,94,3.0
385,Sakaide,JP,2022-09-09 22:44:05,34.3167,133.85,78.98,97,75,3.44
386,Geraldton,AU,2022-09-09 22:44:06,-28.7667,114.6,43.21,93,0,1.14
387,Caxito,AO,2022-09-09 22:44:06,-8.5785,13.6643,72.81,83,73,3.69
388,Isla Mujeres,MX,2022-09-09 22:40:28,21.2311,-86.731,82.45,88,100,13.69
389,Sangar,RU,2022-09-09 22:44:07,63.9242,127.4739,41.65,92,100,11.65
390,Cocorit,MX,2022-09-09 22:44:07,27.5833,-109.9667,88.21,56,73,9.84
391,Falam,MM,2022-09-09 22:43:36,22.9167,93.6833,62.65,97,99,0.2
392,Bogorodskoye,RU,2022-09-09 22:44:08,56.55,37.8833,37.47,80,7,2.46
393,Mandalgovi,MN,2022-09-09 22:44:08,45.7625,106.2708,62.56,26,2,9.62
394,Iquitos,PE,2022-09-09 22:44:08,-3.7481,-73.2472,73.44,94,75,3.44
395,Saint-Paul,RE,2022-09-09 22:44:09,-21.0096,55.2707,70.36,76,38,2.75
396,Myitkyina,MM,2022-09-09 22:44:09,25.3833,97.4,74.59,93,100,1.81
397,Fort Frances,CA,2022-09-09 22:44:10,48.5999,-93.4003,68.22,63,40,9.22
398,Kysyl-Syr,RU,2022-09-09 22:44:10,63.8986,122.7617,38.57,81,100,13.24
399,Sirjan,IR,2022-09-09 22:44:10,29.452,55.6814,73.35,23,0,5.55
400,Belleville,CA,2022-09-09 22:44:11,44.1788,-77.3705,76.86,66,20,2.3
401,Nago,JP,2022-09-09 22:44:11,26.5881,127.9761,79.65,84,100,7.58
402,Adrar,MR,2022-09-09 22:44:11,20.5022,-10.0711,98.89,14,32,7.18
403,Srandakan,ID,2022-09-09 22:44:12,-7.9386,110.2506,75.49,90,100,3.09
404,Raga,SS,2022-09-09 22:44:12,8.4596,25.678,70.41,94,87,3.49
405,Verkhnevilyuysk,RU,2022-09-09 22:44:13,63.4453,120.3167,38.34,72,99,13.82
406,Ulaangom,MN,2022-09-09 22:44:13,49.9811,92.0667,46.09,74,24,1.99
407,Srbac,BA,2022-09-09 22:44:13,45.0978,17.525,64.53,93,4,1.92
408,Santa Isabel,BR,2022-09-09 22:44:14,-23.3156,-46.2214,80.31,35,57,2.51
409,Hibbing,US,2022-09-09 22:44:14,47.4272,-92.9377,63.82,72,0,3.44
410,Ilulissat,GL,2022-09-09 22:44:15,69.2167,-51.1,44.62,76,75,1.14
411,Nybro,SE,2022-09-09 22:44:15,56.7446,15.9071,56.25,96,100,3.83
412,Kuandian,CN,2022-09-09 22:44:16,40.7286,124.7847,67.69,82,100,2.37
413,Meadville,US,2022-09-09 22:45:16,41.6414,-80.1515,80.17,60,0,3.44
414,Honiara,SB,2022-09-09 22:45:16,-9.4333,159.95,85.05,64,21,9.4
415,Dharchula,IN,2022-09-09 22:45:17,29.85,80.5333,68.18,91,51,2.26
416,Salinas,US,2022-09-09 22:43:39,36.6777,-121.6555,104.81,62,0,17.27
417,Esso,RU,2022-09-09 22:45:17,55.9333,158.7,50.11,66,79,6.06
418,Axim,GH,2022-09-09 22:45:18,4.8699,-2.2405,74.71,90,80,8.43
419,Male,MV,2022-09-09 22:45:18,4.1748,73.5089,82.35,83,75,14.97
420,Lata,PT,2022-09-09 22:45:18,40.1629,-8.3327,67.82,81,21,1.7
421,Kotelnikovo,RU,2022-09-09 22:45:19,47.6317,43.1461,49.12,62,8,6.51
422,Ulety,RU,2022-09-09 22:45:19,51.3572,112.4849,57.43,71,98,4.74
423,Papara,BR,2022-09-09 22:45:19,-3.9839,-38.7273,77.68,83,30,4.61
424,Viransehir,TR,2022-09-09 22:45:20,37.2353,39.7631,81.7,21,0,4.94
425,Suba,PH,2022-09-09 22:45:21,10.8438,121.0102,82.67,74,86,7.16
426,Neryungri,RU,2022-09-09 22:45:21,56.6709,124.6491,44.53,86,97,2.86
427,Mukono,UG,2022-09-09 22:45:21,0.3533,32.7553,71.35,87,70,1.32
428,Cabo San Lucas,MX,2022-09-09 22:41:23,22.8909,-109.9124,89.62,73,93,5.99
429,Tezu,IN,2022-09-09 22:45:22,27.9167,96.1667,76.98,63,100,3.87
430,Narsaq,GL,2022-09-09 22:45:22,60.9167,-46.05,48.42,69,99,1.81
431,Bac Lieu,VN,2022-09-09 22:45:23,9.285,105.7244,77.9,87,75,6.96
432,Joshimath,IN,2022-09-09 22:45:23,30.5667,79.5667,66.79,84,55,1.14
433,Pandhurna,IN,2022-09-09 22:45:24,21.6,78.5167,73.98,92,95,5.66
434,Vao,NC,2022-09-09 22:45:24,-22.6667,167.4833,71.74,84,96,11.45
435,Angoram,PG,2022-09-09 22:45:24,-4.0625,144.0661,79.84,82,95,2.95
436,Labuhan,ID,2022-09-09 22:45:25,-6.8844,112.2051,78.08,77,100,5.79
437,Paamiut,GL,2022-09-09 22:45:25,61.994,-49.6678,44.6,76,100,2.01
438,Waipawa,NZ,2022-09-09 22:45:26,-41.4122,175.5153,51.48,84,69,8.95
439,Sidi Ali,DZ,2022-09-09 22:45:26,36.0998,0.4206,75.29,44,20,0.58
440,Ahuimanu,US,2022-09-09 22:45:27,21.4447,-157.8378,83.91,78,100,13.8
441,Palaikastron,GR,2022-09-09 22:45:27,35.2,26.25,75.18,61,0,10.85
442,Shu,KZ,2022-09-09 22:45:27,43.5983,73.7614,64.18,38,30,1.28
443,Biak,ID,2022-09-09 22:45:28,-0.9131,122.8766,77.34,77,97,5.28
444,Vila Velha,BR,2022-09-09 22:42:02,-20.3297,-40.2925,73.35,74,0,16.11
445,Hamilton,US,2022-09-09 22:44:58,39.1834,-84.5333,85.14,62,20,5.75
446,Lloydminster,CA,2022-09-09 22:42:48,53.2835,-110.0016,61.02,33,40,17.27
447,Santiago Del Estero,AR,2022-09-09 22:44:39,-27.7951,-64.2615,61.09,19,0,8.52
448,Nyurba,RU,2022-09-09 22:45:29,63.2842,118.3319,37.09,75,88,12.73
449,Seydi,TM,2022-09-09 22:45:29,39.4816,62.9137,75.99,24,66,8.03
450,Pinega,RU,2022-09-09 22:45:30,64.7001,43.3936,45.39,90,100,3.94
451,Asau,RO,2022-09-09 22:45:30,46.4333,26.4,61.72,91,92,0.96
452,Yankton,US,2022-09-09 22:45:31,42.8711,-97.3973,61.12,94,100,12.66
453,Wanaka,NZ,2022-09-09 22:45:31,-44.7,169.15,47.1,73,4,1.01
454,Sobolevo,RU,2022-09-09 22:45:31,54.4299,31.8996,38.89,73,2,7.18
455,Bystrzyca Klodzka,PL,2022-09-09 22:45:32,50.3018,16.6423,57.79,96,100,2.24
456,Solnechnyy,RU,2022-09-09 22:45:32,50.7214,136.6319,58.14,61,15,5.66
457,Pasni,PK,2022-09-09 22:46:33,25.2631,63.471,82.62,78,17,10.54
458,Ilheus,BR,2022-09-09 22:46:33,-14.7889,-39.0494,75.02,78,40,9.22
459,Parrita,CR,2022-09-09 22:46:33,9.5201,-84.3225,79.32,82,84,0.94
460,Chapleau,CA,2022-09-09 22:45:26,47.8405,-83.4034,77.09,57,20,11.5
461,Kabanjahe,ID,2022-09-09 22:46:34,3.1001,98.4908,60.1,70,75,2.59
462,Ghanzi,BW,2022-09-09 22:46:34,-21.5667,21.7833,65.48,22,0,7.23
463,Naliya,IN,2022-09-09 22:46:34,23.2667,68.8333,85.59,75,29,6.85
464,Dukhovshchina,RU,2022-09-09 22:46:35,55.1919,32.4111,38.39,76,0,4.9
465,Sabang,ID,2022-09-09 22:46:35,5.8933,95.3214,80.1,76,95,7.83
466,Inhambane,MZ,2022-09-09 22:46:35,-23.865,35.3833,66.65,82,0,9.73
467,Benito Juarez,MX,2022-09-09 22:46:36,19.385,-99.165,75.0,31,98,11.01
468,Grand Gaube,MU,2022-09-09 22:46:36,-20.0064,57.6608,70.38,69,48,5.99
469,Lamesa,US,2022-09-09 22:46:37,32.7376,-101.951,92.52,24,81,10.02
470,Luangwa,ZM,2022-09-09 22:46:37,-15.6167,30.4167,66.47,58,0,3.58
471,Iisalmi,FI,2022-09-09 22:46:37,63.5592,27.1907,45.41,76,88,2.95
472,Pogar,RU,2022-09-09 22:46:38,52.554,33.2591,41.23,64,93,7.7
473,Zorya,UA,2022-09-09 22:46:38,45.9908,29.6967,69.93,67,98,10.22
474,Iquique,CL,2022-09-09 22:44:51,-20.2208,-70.1431,59.04,79,28,6.42
475,Puerto Colombia,CO,2022-09-09 22:46:39,10.9878,-74.9547,87.89,74,91,9.24
476,Beisfjord,NO,2022-09-09 22:46:39,68.3751,17.5988,51.04,83,90,2.59
477,Warrington,GB,2022-09-09 22:46:39,53.3925,-2.5802,61.88,87,40,6.91
478,Mumbwa,ZM,2022-09-09 22:46:40,-14.9783,27.0619,63.81,40,2,4.59
479,Port Blair,IN,2022-09-09 22:46:40,11.6667,92.75,78.84,89,75,4.61
480,Margate,GB,2022-09-09 22:46:40,51.3813,1.3862,60.31,93,57,1.01
481,San Cristobal,VE,2022-09-09 22:46:41,7.7669,-72.225,82.58,90,80,3.38
482,Belousovka,KZ,2022-09-09 22:46:41,50.1339,82.5239,32.85,64,0,2.24
483,Waddan,LY,2022-09-09 22:46:41,29.1614,16.139,73.47,45,0,11.16
484,Isangel,VU,2022-09-09 22:46:42,-19.55,169.2667,79.66,72,75,9.08
485,Antalaha,MG,2022-09-09 22:46:42,-14.9003,50.2788,64.17,86,30,7.25
486,Porto Novo,BJ,2022-09-09 22:45:55,6.4965,2.6036,78.62,84,16,8.16
487,Xining,CN,2022-09-09 22:43:43,36.6167,101.7667,48.27,59,0,3.06
488,Prince Rupert,CA,2022-09-09 22:46:43,54.3161,-130.3201,60.89,81,0,13.8
489,Tancheng,CN,2022-09-09 22:46:43,27.4375,115.4976,72.36,70,73,2.3
490,Chicama,PE,2022-09-09 22:46:43,-7.8447,-79.1469,63.14,76,16,9.44
491,Grindavik,IS,2022-09-09 22:46:44,63.8424,-22.4338,55.35,100,100,10.36
492,Russkaya Polyana,UA,2022-09-09 22:46:44,49.417,31.9201,51.78,78,100,11.18
493,Gualeguaychu,AR,2022-09-09 22:46:44,-33.0094,-58.5172,54.9,60,2,7.36
494,Ixtapa,MX,2022-09-09 22:46:45,20.7,-105.2,87.03,70,75,11.5
495,Uvira,CD,2022-09-09 22:46:45,-3.4067,29.1458,75.6,66,35,2.15
496,Qaqortoq,GL,2022-09-09 22:46:45,60.7167,-46.0333,44.94,76,98,1.36
497,Vardo,NO,2022-09-09 22:46:46,70.3705,31.1107,48.18,81,100,13.8
498,Sao Joao Da Barra,BR,2022-09-09 22:46:46,-21.6403,-41.0511,73.49,77,5,24.74
499,Karasjok,NO,2022-09-09 22:46:47,69.4719,25.5112,46.99,79,100,5.88
500,Luxor,EG,2022-09-09 22:42:20,25.6989,32.6421,84.25,39,0,4.61
501,Dakar,SN,2022-09-09 22:42:12,14.6937,-17.4441,80.73,83,0,0.0
502,Key West,US,2022-09-09 22:45:23,24.5557,-81.7826,80.6,87,40,13.8
503,Panaba,MX,2022-09-09 22:46:47,21.2833,-88.2667,79.05,84,100,5.19
504,Sylacauga,US,2022-09-09 22:47:48,33.1732,-86.2516,75.33,78,100,14.97
505,Novyy Urgal,RU,2022-09-09 22:47:48,51.0736,132.5642,55.09,74,17,3.91
506,Sampit,ID,2022-09-09 22:47:48,-2.5333,112.95,72.37,92,100,1.43
507,Alofi,NU,2022-09-09 22:47:49,-19.0595,-169.9187,78.69,83,67,13.8
508,Antofagasta,CL,2022-09-09 22:46:03,-23.65,-70.4,58.28,83,16,7.54
509,Lazaro Cardenas,MX,2022-09-09 22:47:49,17.9583,-102.2,83.19,80,100,7.2
510,Terrace Bay,CA,2022-09-09 22:47:49,48.7834,-87.1,56.59,94,100,6.67
511,Korla,CN,2022-09-09 22:47:50,41.7597,86.1469,75.85,23,1,3.65
512,San Patricio,US,2022-09-09 22:47:50,28.017,-97.5169,87.89,57,50,9.93
513,Catamarca,AR,2022-09-09 22:47:51,-28.4696,-65.7852,55.06,28,0,1.88
514,Doka,SD,2022-09-09 22:47:51,13.5167,35.7667,72.64,97,86,10.47
515,Tsogni,GA,2022-09-09 22:47:51,-2.7942,10.0988,73.63,87,98,5.35
516,Faenza,IT,2022-09-09 22:47:52,44.2857,11.8833,75.7,66,8,7.0
517,Turukhansk,RU,2022-09-09 22:47:52,65.8167,87.9833,33.62,89,100,4.5
518,Portland,US,2022-09-09 22:44:36,45.5234,-122.6762,91.62,19,0,23.02
519,Avera,US,2022-09-09 22:47:53,33.194,-82.5271,77.05,91,100,10.0
520,Shellbrook,CA,2022-09-09 22:47:53,53.2168,-106.4011,51.03,39,100,11.5
521,Bitung,ID,2022-09-09 22:47:53,1.4451,125.1824,79.65,76,100,6.17
522,Klamath Falls,US,2022-09-09 22:47:54,42.2249,-121.7817,90.86,15,0,9.22
523,Buri,BR,2022-09-09 22:47:39,-23.7975,-48.5928,70.27,66,1,3.58
524,Can Tho,VN,2022-09-09 22:47:54,10.0333,105.7833,75.18,100,40,0.0
525,Tikapur,NP,2022-09-09 22:47:55,28.5,81.1333,76.86,89,35,3.8
526,Piacabucu,BR,2022-09-09 22:47:55,-10.4056,-36.4344,72.63,86,18,10.63
527,Dunedin,NZ,2022-09-09 22:45:32,-45.8742,170.5036,49.8,74,7,3.0
528,Mangrol,IN,2022-09-09 22:47:55,21.1167,70.1167,83.03,82,100,3.24
529,Masterton,NZ,2022-09-09 22:47:56,-40.9597,175.6575,58.89,84,64,6.11
530,Sorong,ID,2022-09-09 22:47:56,-0.8833,131.25,79.95,81,82,4.83
531,Maldonado,UY,2022-09-09 22:47:57,-34.6667,-54.9167,50.23,55,100,17.05
532,Sabak,MY,2022-09-09 22:47:57,3.7675,100.9875,74.32,90,96,2.68
533,Praia,CV,2022-09-09 22:47:57,14.9215,-23.5087,79.66,85,22,6.98
534,Neiafu,TO,2022-09-09 22:47:58,-18.65,-173.9833,81.28,74,40,11.5
535,Longyan,CN,2022-09-09 22:47:58,25.1072,117.0225,73.04,87,64,0.6
536,Karratha,AU,2022-09-09 22:47:58,-20.7377,116.8463,64.69,70,0,9.93
537,Dehloran,IR,2022-09-09 22:47:59,32.6941,47.2679,95.56,14,0,12.15
538,Aklavik,CA,2022-09-09 22:47:59,68.2191,-135.0107,48.25,67,100,6.49
539,Krasnoselkup,RU,2022-09-09 22:47:59,65.7,82.4667,32.95,86,99,6.02
540,Taoudenni,ML,2022-09-09 22:48:00,22.6783,-3.9836,99.5,11,73,9.64
541,Letlhakane,BW,2022-09-09 22:48:00,-21.4167,25.5833,65.61,31,0,8.61
542,The Valley,AI,2022-09-09 22:48:00,18.217,-63.0578,85.86,76,100,9.86
543,Southbridge,US,2022-09-09 22:48:01,42.0751,-72.0334,75.36,83,0,3.76
544,Abaza,RU,2022-09-09 22:48:01,52.655,90.0928,40.44,91,11,3.4
545,Kirra,GR,2022-09-09 22:48:02,38.4333,22.45,75.97,58,0,5.55
546,Buchanan,LR,2022-09-09 22:49:02,5.8808,-10.0467,77.38,80,63,8.25
547,Havoysund,NO,2022-09-09 22:49:03,70.9963,24.6622,48.43,90,98,22.82
548,Ellensburg,US,2022-09-09 22:49:03,46.9965,-120.5479,81.46,24,0,12.66
549,Cleethorpes,GB,2022-09-09 22:49:03,53.5605,-0.0323,62.53,94,75,14.97
550,Askiz,RU,2022-09-09 22:49:04,53.1319,90.5264,40.87,79,6,3.58
551,Hofn,IS,2022-09-09 22:49:04,64.2539,-15.2082,53.01,98,100,8.16
552,Medea,DZ,2022-09-09 22:49:05,36.2642,2.7539,71.19,45,4,1.95
553,Elko,US,2022-09-09 22:49:05,41.0002,-115.5012,84.63,7,0,8.99
554,Sakaiminato,JP,2022-09-09 22:49:05,35.55,133.2333,76.98,78,75,14.97
555,Lilongwe,MW,2022-09-09 22:49:06,-13.9669,33.7873,65.88,45,2,3.15
556,Laguna De Perlas,NI,2022-09-09 22:49:06,12.3429,-83.6712,86.09,75,94,4.29
557,Skelleftea,SE,2022-09-09 22:49:07,64.7507,20.9528,48.56,87,73,5.75
558,Gubkinskiy,RU,2022-09-09 22:49:07,64.434,76.5026,35.15,81,80,4.9
559,Aripuana,BR,2022-09-09 22:49:08,-9.1667,-60.6333,80.28,59,67,1.99
560,Rawatbhata,IN,2022-09-09 22:49:08,24.9333,75.5833,83.21,73,100,2.62
561,Bereznik,RU,2022-09-09 22:49:08,62.8551,42.7072,44.53,96,100,4.16
562,Shugurovo,RU,2022-09-09 22:49:09,54.5083,52.1326,43.16,84,98,8.93
563,Ponta Delgada,PT,2022-09-09 22:49:09,37.7333,-25.6667,78.49,83,20,13.8
564,Nome,US,2022-09-09 22:49:10,64.5011,-165.4064,55.17,71,40,12.66
565,Aswan,EG,2022-09-09 22:49:10,24.0934,32.907,88.9,25,0,8.05
566,Bendigo,AU,2022-09-09 22:49:11,-36.7667,144.2833,50.94,85,93,12.66
567,Veydelevka,RU,2022-09-09 22:49:11,50.1521,38.4492,42.84,69,20,7.18
568,Yumen,CN,2022-09-09 22:49:12,40.2833,97.2,64.2,15,0,2.21
569,Hurbanovo,SK,2022-09-09 22:49:12,47.8698,18.1923,64.54,70,91,10.11
570,Road Town,VG,2022-09-09 22:49:12,18.4167,-64.6167,87.89,84,20,5.75
571,Quixada,BR,2022-09-09 22:49:13,-4.9714,-39.0153,78.1,57,74,7.63
572,Balclutha,NZ,2022-09-09 22:49:13,-46.2339,169.75,51.55,66,18,1.88
